"Strain","Segregant","Pool","Cyr1.geno","Flo11.geno","CM.a","CM.b","CM.c","cAMP","Cyr1.expr","Flo11.expr","Adhes.a","Adhes.b","Adhes.c"
"PMY1235","s1","S","S","S",1,1,1,194.38,1438,2035,0.0987,0.1035,0.1087
"PMY1236","s2","S","S","S",1,1,1,238.86,1410,696,0.0903,0.1352,0.1022
"PMY1237","s3","S","S","S",1,1,1,245.32,1292,143961,0.087,0.2564,0.2591
"PMY1238","s4","S","S","S",1,1,1,222.58,1814,10077,0.047,0.1497,0.1119
"PMY1239","s5","S","S","S",1,1,1,168.99,1204,11281,0.1522,0.1735,0.1511
"PMY1240","s6","S","S","C",1,1,1,266.8,2274,11729,0.1004,0.1964,0.174
"PMY1241","s7","S","S","S",1,1.1,1,194.64,1334,112014,0.0707,0.1941,0.2002
"PMY1242","s8","S","S","S",1.1,1,1,302.43,1374,160390,0.0639,0.153,0.154
"PMY1243","s9","S","S","S",1,1,1,214.02,1722,35037,0.0516,0.1429,0.1543
"PMY1244","s10","S","S","S",1,1,1,188.81,1674,16110,0.0771,0.2006,0.2185
"PMY1245","s11","S","S","S",1,1,1,243.36,1816,21117,0.1625,0.1621,0.1866
"PMY1246","s12","S","S","S",1,1,1,160.04,1769,69004,0.1402,0.1196,0.1159
"PMY1247","s13","S","S","S",1,1,1,161.37,1746,1246,0.0541,0.1181,0.0946
"PMY1248","s14","S","S","C",1,1,1,263.64,1100,11573,0.0497,0.1311,0.1523
"PMY1249","s15","S","S","S",1,1,1,182.38,1522,134342,0.0687,0.1985,0.26
"PMY1250","s16","S","S","S",1,1,1,218.14,1604,49086,0.053,0.1693,0.1791
"PMY1251","s17","S","S","C",1,1,1,206.69,1529,16238,0.0808,0.2051,0.3362
"PMY1252","s18","S","S","S",1,1,1,259.98,1300,37209,0.0616,0.1955,0.2839
"PMY1253","s19","S","S","S",1,1,1,262.63,1935,13278,0.0634,0.22,0.2677
"PMY1254","s20","S","S","S",1,1,1,164.8,1418,22337,0.0576,0.3082,0.297
"PMY1255","s21","S","S","S",1,1,1,252.33,1555,156586,0.1703,0.1821,0.1847
"PMY1256","s22","S","S","S",1,1,1,196.96,2284,5480,0.0966,0.2063,0.2022
"PMY1257","s23","S","S","S",1,1,1,185.26,1372,31044,0.1393,0.1149,0.0942
"PMY1258","s24","S","S","S",1,1,1,151.7,1020,129723,0.1499,0.1743,0.2082
"PMY1259","s25","S","S","S",1,1,1,155.85,1828,16657,0.1195,0.1597,0.1421
"PMY1260","s26","S","S","S",1,1,1,194.97,1444,2113,0.0887,0.1066,0.1055
"PMY1261","s27","S","S","S",1,1,1,180.26,1098,28730,0.1087,0.2252,0.2994
"PMY1262","s28","S","S","S",1,1,1,126.98,1564,390131,0.138,0.1939,0.2733
"PMY1263","s29","S","S","S",1,1,1,110.49,1361,177007,0.1974,0.2596,0.2969
"PMY1264","s30","S","S","S",1,1,1,176.29,1265,82581,0.1414,0.21,0.1957
"PMY1265","s31","C","S","C",3.5,4,3.9,151.7,1884,151369,0.2684,0.2356,0.3742
"PMY1266","s32","C","H","H",3.7,3.5,4.3,249.54,2827,401042,0.369,0.6506,0.6461
"PMY1267","s33","C","C","C",4.2,4,3.5,249.34,1979,164958,0.4274,0.5296,0.6812
"PMY1268","s34","C","S","S",3.4,3.8,3.9,202.35,2040,201278,0.0978,0.2467,0.1952
"PMY1269","s35","C","S","C",3.7,3.9,3.9,NA,2358,149282,0.0945,0.2242,0.2262
"PMY1270","s36","C","C","H",3.9,3.8,4.3,214.6,1903,257783,0.4454,0.5203,0.6083
"PMY1271","s37","C","S","C",4.2,3.8,3.8,253.09,2554,169103,0.1367,0.4004,0.4928
"PMY1272","s38","C","S",NA,3.1,3.9,2.1,276.19,NA,NA,0.1312,0.228,0.1699
"PMY1273","s39","C","C","C",3.7,4.2,3.9,261.24,2591,241819,0.6547,1.4189,1.4847
"PMY1274","s40","C","C","S",3.5,3.4,3.4,222.36,2856,584831,0.7584,1.1221,1.0179
"PMY1275","s41","C","C","S",3.2,3.2,3,201.57,2717,254329,0.1857,0.1559,0.1938
"PMY1276","s42","C","C","S",3.7,3.5,3.8,273.9,2541,396100,0.4159,0.5198,0.4626
"PMY1277","s43","C","C","C",2.8,2.8,3.3,291.36,2518,101375,0.6233,0.7197,0.6663
"PMY1278","s44","C","C","S",4.3,3.9,3.9,221.34,1816,226922,0.4055,0.4576,0.4564
"PMY1279","s45","C","C","S",3.3,3.2,3.7,183.53,1854,472934,0.4068,0.5072,0.481
"PMY1280","s46","C","C","S",4,3.5,3.6,300.04,3318,688493,0.3335,0.4348,0.3471
"PMY1281","s47","C","C","S",4.6,3.9,4.6,284.36,1767,325529,0.3306,0.4392,0.4557
"PMY1282","s48","C","C","C",3.3,3.3,3.3,183.69,2380,234741,0.6726,1.1921,1.5283
"PMY1283","s49","C","H",NA,4.4,4.3,3.9,213.89,3632,314120,0.4477,0.5929,0.5857
"PMY1284","s50","C","C","C",3.8,3.3,3.5,187.66,1733,179548,0.6167,1.394,1.2103
"PMY1285","s51","C","C","S",4.6,4.2,4.6,314.76,2341,261396,0.464,0.392,0.4881
"PMY1286","s52","C","S","S",3.7,3.5,3.8,227.1,3128,191019,0.1825,0.215,0.2874
"PMY1287","s53","C","S","C",3.7,3.7,3.7,NA,4043,169464,0.2842,0.2937,0.3499
"PMY1288","s54","C","C","C",3.6,3.7,3.5,197,1140,136704,0.4053,0.6482,0.6894
"PMY1289","s55","C","S","C",3.1,3,3.6,195.59,2159,184194,0.3301,0.4025,0.4269
"PMY1290","s56","C","C","S",4,3.4,3.8,198.5,2297,389498,0.56,0.6445,0.6679
"PMY1291","s57","C","C","C",3.3,3.3,3.9,273.77,1074,147237,0.4138,1.1915,1.2994
"PMY1292","s58","C","S","C",3.6,2.8,3.7,258.82,2692,171374,0.2725,0.3061,0.4058
"PMY1293","s59","C","S","S",4,3.7,4,324.84,2955,238578,0.1466,0.2914,0.3943
"PMY1294","s60","C","C","C",3.3,3.6,3.7,247.58,1864,136993,0.728,1.5931,1.4825
"PMY1324","s61","S","S","S",1,1,1,155.64,NA,NA,0.1613,0.2002,0.2344
"PMY1325","s62","S","S","S",1,1,1,204.02,NA,NA,0.1123,0.2677,0.2229
"PMY1326","s63","S","S","C",1,1,1,189.91,NA,NA,0.1714,0.1677,0.2804
"PMY1327","s64","S","S","C",1,1,1,209.8,NA,NA,0.0584,0.146,0.1191
"PMY1328","s65","S","S","S",1,1,1,180.78,NA,NA,0.0872,0.2064,0.2028
"PMY1329","s66","C","C","C",3,2.9,3.4,179.73,2006,205256,0.2965,1.3016,1.6961
"PMY1330","s67","C","C","C",3.6,3.6,3.5,276.7,NA,NA,0.4989,0.9868,1.0785
"PMY1331","s68","C","C","C",3.2,3.2,3.5,122.06,NA,NA,0.5176,1.2117,1.0973
"PMY1332","s69","C","S","S",2.8,3,1.4,175.54,NA,NA,0.1356,0.1955,0.1197
"PMY1333","s70","C","C","C",3.3,3.5,3.8,257.14,NA,NA,0.5966,1.1907,0.9486
